{
  "name": "No Warnings",
  "description": "Removes all generic common flight warnings such as 'Pull up' and 'Landing gear' along with collision warning beeps.",
  "dll_file": "NoWarnings.dll",
  "last_edit": 638014467434543242,
  "pub_id": "",
  "json_version": "",
  "version": "1.0.0",
  "tagline": "Fly as reckless as you want with no warnings!",
  "repository": "",
  "is_public": false,
  "unlisted": false,
  "preview_image": "preview.png",
  "web_preview_image": "web_preview.png",
  "dependencies": [],
  "mod_dependencies": null,
  "ContentType": 3
}